Vessel name,IMO Number,Flag,MMSI,Callsign,National registration number,Crime Report Links,Crime report links
SANTA MARIA 1,,Ecuador,,,P-00-00875,,
SIMY 5,,Ecuador,,,P-06-08313,,
NEPTUNO,,,,,P-00-00541,,
NILAHUE,,Ecuador,,,P-00-00801,,
PUMANQUE,,Ecuador,,,P-00-00802,,
CAPLINA 9,,Ecuador,,,P-00-00869,,
ANDELKA,,,,,P-00-00887,,
DALMACIA II,,Ecuador,,,P-00-00891,,
G&D,,Ecuador,,,P-00-00922,,
"DIMOLFIN S.A.
B/P MARIA EMILIA",,,,,P-00-00632,,
BENJAMIN ANTONIO,,,,,P-00-00949,,
LAMANTEPEC I,,,,,P-00-00610,,
COATEPEC I,,,,,P-00-00612,,
CAVINKO I,,,,,P-00-00639,,
POLAR IX,,,,,P-00-00661,https://goo.su/2EA80,https://goo.su/2EA80
POLAR VIII,,,,,P-00-00684,,
POLAR I,8793964.0,,,OA2244,P-00-00716,,
POLAR II,,,,,P-00-00717,,
PALMA,,,,,P-00-00906,"https://goo.su/C4Q0, https://goo.su/RLUM, https://goo.su/7Kik5zp, https://goo.su/oqZHLX, https://goo.su/Y1DoV, https://goo.su/tUdjnL, https://goo.su/UypFO, https://goo.su/7LKjdMx, https://goo.su/yVM7i","https://goo.su/C4Q0, https://goo.su/RLUM, https://goo.su/7Kik5zp, https://goo.su/oqZHLX, https://goo.su/Y1DoV, https://goo.su/tUdjnL, https://goo.su/UypFO, https://goo.su/7LKjdMx, https://goo.su/yVM7i"
VALENTINA,,,247086280.0,ILCO,P-00-00898,"https://goo.su/JY8YOZQ, https://goo.su/PSsro","https://goo.su/JY8YOZQ, https://goo.su/PSsro"
FLORIDA,,,,,P-00-00899,"https://goo.su/zIqY, https://goo.su/g1yUfGG, https://goo.su/549SF, https://goo.su/IPgHW3y, https://goo.su/UP2G5a, https://goo.su/tVhE, https://goo.su/baBiiKw, https://goo.su/ozLZ, https://goo.su/cVUfbUm, https://goo.su/C4Q0, https://goo.su/EBiMvg, https://goo.su/UmwS4, https://goo.su/Yhg0PPF, https://goo.su/VFXR, https://goo.su/XI6IEX, https://goo.su/I8xf, https://goo.su/pAAR2d, https://goo.su/qCzlvas, https://goo.su/zHPF, https://goo.su/qzBLVk, https://goo.su/JHTjpW1, https://goo.su/9wl1MU, https://goo.su/Xkux, https://goo.su/fJhwLbe, https://goo.su/Zg0Fu, https://goo.su/1D6iaoc, https://goo.su/U9YnJb, https://goo.su/lcSkwmO, https://goo.su/JZUSt, https://goo.su/Z9k4euq, https://goo.su/tFCTBhV, https://goo.su/UKwNzeU, https://goo.su/owA6k, https://goo.su/YUcX, https://goo.su/ZBWsV, https://goo.su/VHtYqK, https://goo.su/L3DeCsP, https://goo.su/c0KQnNP, https://goo.su/wau5B, https://goo.su/9pnU5zi, https://goo.su/vVgsCL, https://goo.su/7VFT6aa, https://goo.su/rW21KI, https://goo.su/pDexGI, https://goo.su/fzAKQY6, https://goo.su/gVAQH, https://goo.su/zz5om, https://goo.su/FUyHxw, https://goo.su/QqsKK1, https://goo.su/UflyI, https://goo.su/QFzRz, https://goo.su/OSDk, https://goo.su/airYkBj, https://goo.su/YPGJ1, https://acortar.link/Uts2Fc, https://goo.su/mvLQTh, https://goo.su/dar9OJq, https://goo.su/JAbBK, https://goo.su/UxxYNJ, https://goo.su/72Qul, https://goo.su/B4eZZ, https://goo.su/e7Sec, https://goo.su/QfyaA, https://goo.su/CSboDk, https://goo.su/WB8O7, https://goo.su/1HZM4B, https://goo.su/w0lRSH, https://goo.su/zeqFHb, https://goo.su/55UUU0, https://goo.su/y3Uje, https://goo.su/M4OJJz6, https://goo.su/mnls7Q, https://goo.su/msoT, https://goo.su/OIqhk, https://goo.su/QUOG, https://goo.su/QijOTG, https://goo.su/yYld, https://goo.su/OGNn, https://goo.su/ZZSQMF, https://goo.su/l7yUhS, https://goo.su/khii, https://goo.su/GJNqm, https://goo.su/caMA3Br, https://goo.su/sCch, https://goo.su/nQabXE7, https://goo.su/kHi7P, https://goo.su/l6Tm, https://goo.su/IbUcSK, https://goo.su/y3Kq, https://goo.su/Eyjh8h, https://goo.su/KkxI, https://goo.su/U1HN, https://goo.su/vLp0, https://goo.su/v1mNU, https://goo.su/Xg0Y, https://goo.su/mJILW, https://goo.su/HXFOAcE, https://goo.su/zcJUstj, https://goo.su/aVjku, https://goo.su/Wv6wP, https://goo.su/BFUdYNy, https://goo.su/vqs2KmE, https://goo.su/eoLQG, https://goo.su/MEXE, https://goo.su/uzYIu, https://goo.su/XC8GMtq, https://goo.su/FF2YlE, https://goo.su/fbF3XKz, https://goo.su/fbF3XKz, https://goo.su/ckGUo, https://goo.su/EKv0Q, https://goo.su/DLG5, https://goo.su/prgu39D, https://goo.su/AnDfyp, https://goo.su/ajiMsl, https://goo.su/4cb0F, https://goo.su/EvzhM, https://goo.su/c8SRF, https://goo.su/qp09AF, https://goo.su/ESNjc, https://goo.su/U6UL, https://goo.su/1ihkF, https://goo.su/fnns3, https://goo.su/lNFa, https://goo.su/OojsvFS, https://goo.su/35N1dr, https://goo.su/Yy07J5, https://goo.su/DNvMQc, https://goo.su/w2iApSv, https://goo.su/k8MFiA7, https://goo.su/x0La, https://goo.su/JZ97vg, https://goo.su/4QDUc, https://goo.su/PsiXP, https://goo.su/SPovq2, https://goo.su/XFAUy, https://goo.su/vUHil, https://goo.su/zOFEO, https://goo.su/yhCR06i, https://goo.su/mNWbOS, https://goo.su/Hs0R","https://goo.su/zIqY, https://goo.su/g1yUfGG, https://goo.su/549SF, https://goo.su/IPgHW3y, https://goo.su/UP2G5a, https://goo.su/tVhE, https://goo.su/baBiiKw, https://goo.su/ozLZ, https://goo.su/cVUfbUm, https://goo.su/C4Q0, https://goo.su/EBiMvg, https://goo.su/UmwS4, https://goo.su/Yhg0PPF, https://goo.su/VFXR, https://goo.su/XI6IEX, https://goo.su/I8xf, https://goo.su/pAAR2d, https://goo.su/qCzlvas, https://goo.su/zHPF, https://goo.su/qzBLVk, https://goo.su/JHTjpW1, https://goo.su/9wl1MU, https://goo.su/Xkux, https://goo.su/fJhwLbe, https://goo.su/Zg0Fu, https://goo.su/1D6iaoc, https://goo.su/U9YnJb, https://goo.su/lcSkwmO, https://goo.su/JZUSt, https://goo.su/Z9k4euq, https://goo.su/tFCTBhV, https://goo.su/UKwNzeU, https://goo.su/owA6k, https://goo.su/YUcX, https://goo.su/ZBWsV, https://goo.su/VHtYqK, https://goo.su/L3DeCsP, https://goo.su/c0KQnNP, https://goo.su/wau5B, https://goo.su/9pnU5zi, https://goo.su/vVgsCL, https://goo.su/7VFT6aa, https://goo.su/rW21KI, https://goo.su/pDexGI, https://goo.su/fzAKQY6, https://goo.su/gVAQH, https://goo.su/zz5om, https://goo.su/FUyHxw, https://goo.su/QqsKK1, https://goo.su/UflyI, https://goo.su/QFzRz, https://goo.su/OSDk, https://goo.su/airYkBj, https://goo.su/YPGJ1, https://acortar.link/Uts2Fc, https://goo.su/mvLQTh, https://goo.su/dar9OJq, https://goo.su/JAbBK, https://goo.su/UxxYNJ, https://goo.su/72Qul, https://goo.su/B4eZZ, https://goo.su/e7Sec, https://goo.su/QfyaA, https://goo.su/CSboDk, https://goo.su/WB8O7, https://goo.su/1HZM4B, https://goo.su/w0lRSH, https://goo.su/zeqFHb, https://goo.su/55UUU0, https://goo.su/y3Uje, https://goo.su/M4OJJz6, https://goo.su/mnls7Q, https://goo.su/msoT, https://goo.su/OIqhk, https://goo.su/QUOG, https://goo.su/QijOTG, https://goo.su/yYld, https://goo.su/OGNn, https://goo.su/ZZSQMF, https://goo.su/l7yUhS, https://goo.su/khii, https://goo.su/GJNqm, https://goo.su/caMA3Br, https://goo.su/sCch, https://goo.su/nQabXE7, https://goo.su/kHi7P, https://goo.su/l6Tm, https://goo.su/IbUcSK, https://goo.su/y3Kq, https://goo.su/Eyjh8h, https://goo.su/KkxI, https://goo.su/U1HN, https://goo.su/vLp0, https://goo.su/v1mNU, https://goo.su/Xg0Y, https://goo.su/mJILW, https://goo.su/HXFOAcE, https://goo.su/zcJUstj, https://goo.su/aVjku, https://goo.su/Wv6wP, https://goo.su/BFUdYNy, https://goo.su/vqs2KmE, https://goo.su/eoLQG, https://goo.su/MEXE, https://goo.su/uzYIu, https://goo.su/XC8GMtq, https://goo.su/FF2YlE, https://goo.su/fbF3XKz, https://goo.su/fbF3XKz, https://goo.su/ckGUo, https://goo.su/EKv0Q, https://goo.su/DLG5, https://goo.su/prgu39D, https://goo.su/AnDfyp, https://goo.su/ajiMsl, https://goo.su/4cb0F, https://goo.su/EvzhM, https://goo.su/c8SRF, https://goo.su/qp09AF, https://goo.su/ESNjc, https://goo.su/U6UL, https://goo.su/1ihkF, https://goo.su/fnns3, https://goo.su/lNFa, https://goo.su/OojsvFS, https://goo.su/35N1dr, https://goo.su/Yy07J5, https://goo.su/DNvMQc, https://goo.su/w2iApSv, https://goo.su/k8MFiA7, https://goo.su/x0La, https://goo.su/JZ97vg, https://goo.su/4QDUc, https://goo.su/PsiXP, https://goo.su/SPovq2, https://goo.su/XFAUy, https://goo.su/vUHil, https://goo.su/zOFEO, https://goo.su/yhCR06i, https://goo.su/mNWbOS, https://goo.su/Hs0R"
CARIPE,,,,,P-00-00903,,
PIQUERO,,,,,P-00-00904,,
BAMAR VII,,,,,P-00-00916,,
JORGE ANTONIO I,,,,PT32104,P-12-00005,,
CARLITOS I,,Ecuador,,HC6610,P-04-01095,,
VOLUNTAD DE DIOS,,,,,P-00-00042,,
ANA JULIA,,,,,P-00-00052,,
WILLY FIRST,,,,,P-00-00116,,
RAFAELITO N.1,,,,,P-00-00132,,
MARIA ALEJANDRA II,,,,,P-00-00147,,
CARIDAD DEL COBRE,,,,,P-00-00189,,
ROBERTO,,,247120310.0,IVHT,P-00-00203,"https://goo.su/EXVdUhC, https://goo.su/yJXfq, https://goo.su/EUQMFP, https://goo.su/CoHSzLQ, https://goo.su/HzWGc, https://goo.su/ZDTFF, https://goo.su/VD2e0, https://goo.su/wisk6P7, https://goo.su/pbYvyZh, https://goo.su/wN2w2jt, https://goo.su/yW0vUG, https://goo.su/NNji, https://goo.su/m3RKVT, https://goo.su/UOY2sr, https://goo.su/95OQy, https://goo.su/TC1j, https://goo.su/8uyUP, https://goo.su/7q2A8, https://goo.su/iPEVH, https://goo.su/6Fhr1zp, https://goo.su/LSNeF, https://goo.su/ANYRgXU, https://goo.su/v7Gq, https://goo.su/GXuIHgF, https://goo.su/BjBvJyD, https://goo.su/yfIlJm, https://goo.su/ONnG, https://goo.su/ndIEL, https://goo.su/KpcZW7, https://goo.su/Nm5UQI, https://goo.su/U1RFOo1, https://goo.su/x7Km, https://goo.su/0aXfD, https://goo.su/sibMs, https://goo.su/qME3gY, https://goo.su/jdzA4, https://goo.su/aVvLbf, https://goo.su/TLj3, https://acortar.link/WsKHC5, https://goo.su/TtZx7rz, https://goo.su/JEe84r, https://goo.su/0oSnJ","https://goo.su/EXVdUhC, https://goo.su/yJXfq, https://goo.su/EUQMFP, https://goo.su/CoHSzLQ, https://goo.su/HzWGc, https://goo.su/ZDTFF, https://goo.su/VD2e0, https://goo.su/wisk6P7, https://goo.su/pbYvyZh, https://goo.su/wN2w2jt, https://goo.su/yW0vUG, https://goo.su/NNji, https://goo.su/m3RKVT, https://goo.su/UOY2sr, https://goo.su/95OQy, https://goo.su/TC1j, https://goo.su/8uyUP, https://goo.su/7q2A8, https://goo.su/iPEVH, https://goo.su/6Fhr1zp, https://goo.su/LSNeF, https://goo.su/ANYRgXU, https://goo.su/v7Gq, https://goo.su/GXuIHgF, https://goo.su/BjBvJyD, https://goo.su/yfIlJm, https://goo.su/ONnG, https://goo.su/ndIEL, https://goo.su/KpcZW7, https://goo.su/Nm5UQI, https://goo.su/U1RFOo1, https://goo.su/x7Km, https://goo.su/0aXfD, https://goo.su/sibMs, https://goo.su/qME3gY, https://goo.su/jdzA4, https://goo.su/aVvLbf, https://goo.su/TLj3, https://acortar.link/WsKHC5, https://goo.su/TtZx7rz, https://goo.su/JEe84r, https://goo.su/0oSnJ"
MARIA BELEN,,,,,P-00-00219,,
B/P AMAZONAS EX POLARIS A,,,,,P-00-00222,,
SANGAY,,,,,P-00-00223,,
CLAUDIO JAVIER,,,,,P-00-00229,,
FATIMA S,,,,,P-00-00244,,
NIKOLAY,,,,,P-00-00247,,
ANA MARIA,,,,,P-00-00251,,
MERAKI,,,,,P-00-00261,,
GLORIA ELENA,,,,,P-00-00266,,
INES MARIA,,,,,P-00-00267,,
HOLANDÉS HERRANTE,,,,,P-00-00275,,
SANGAY NO.2,,,,,P-00-00280,,
DON MANUEL,9141560.0,,,cb5989,P-00-00281,,
ARIES,,United States,,WCF3888,P-00-00289,"https://goo.su/qg7TB, https://goo.su/XMmnLY","https://goo.su/qg7TB, https://goo.su/XMmnLY"
PACIFICO 998,,,,,P-00-00300,,
JOSE MANUEL,,Spain,,,P-00-00310,,
BISMARK,8544442.0,,247084310.0,INZW,P-00-00325,,
CIUDAD DE QUITO,,,,,P-00-00337,,
ANAMAR,,,,,P-00-00352,,
MARCOS JR,,,,,P-00-00356,,
COTOPAXI,,,,,P-00-00373,"https://goo.su/Reocd, https://goo.su/0aXfD","https://goo.su/Reocd, https://goo.su/0aXfD"
GRACIAS A DIOS,,,,,P-00-00378,"https://goo.su/TUyC, https://goo.su/v0L3, https://goo.su/0z7fhVy, https://goo.su/ZQFQL, https://goo.su/Kfn5, https://goo.su/GJqG, https://goo.su/UPpe3X1, https://goo.su/QfpA","https://goo.su/TUyC, https://goo.su/v0L3, https://goo.su/0z7fhVy, https://goo.su/ZQFQL, https://goo.su/Kfn5, https://goo.su/GJqG, https://goo.su/UPpe3X1, https://goo.su/QfpA"
SANTA ELENA,3558383.0,,,P3UK,P-00-00384,"https://goo.su/E2rhyBk, https://goo.su/ynirP, https://goo.su/RauzO, https://goo.su/8f0WS4, https://goo.su/zEcz, https://goo.su/N19Lzm, https://goo.su/dPql5m, https://goo.su/0Rb9Ce, https://goo.su/PUGQ, https://goo.su/rAEJOX9, https://goo.su/HLDGEq, https://goo.su/U1RFOo1, https://goo.su/x7Km, https://goo.su/pEBm, https://goo.su/5wmGB5X, https://goo.su/jYw5Mc, https://goo.su/YJPf4U, https://goo.su/JfGg, https://goo.su/u4el, https://goo.su/U6J9Ar, https://goo.su/glfLbiS, https://goo.su/RwxKZ, https://goo.su/SX7U9M, https://goo.su/xmGpg, https://goo.su/AeQ2YKk, https://goo.su/FUImv","https://goo.su/E2rhyBk, https://goo.su/ynirP, https://goo.su/RauzO, https://goo.su/8f0WS4, https://goo.su/zEcz, https://goo.su/N19Lzm, https://goo.su/dPql5m, https://goo.su/0Rb9Ce, https://goo.su/PUGQ, https://goo.su/rAEJOX9, https://goo.su/HLDGEq, https://goo.su/U1RFOo1, https://goo.su/x7Km, https://goo.su/pEBm, https://goo.su/5wmGB5X, https://goo.su/jYw5Mc, https://goo.su/YJPf4U, https://goo.su/JfGg, https://goo.su/u4el, https://goo.su/U6J9Ar, https://goo.su/glfLbiS, https://goo.su/RwxKZ, https://goo.su/SX7U9M, https://goo.su/xmGpg, https://goo.su/AeQ2YKk, https://goo.su/FUImv"
SANTA ISABEL,,,,,P-00-00385,"https://goo.su/EWIxMk, https://goo.su/OzJV7n, https://goo.su/zPdc, https://goo.su/URo2, https://goo.su/jgGc","https://goo.su/EWIxMk, https://goo.su/OzJV7n, https://goo.su/zPdc, https://goo.su/URo2, https://goo.su/jgGc"
ROSA STEFANIA,,,,,P-00-00390,,
ANA BELEN,,,,,P-00-00391,,
BEATUS,,,,,P-00-00392,,
DON JIMMY,,,,,P-00-00396,,
ESTRELLA DEL MAR,,,,,P-00-00423,,
ISABELA PRINCESS,,,,,P-00-00460,,
LOA 4,,Ecuador,,,P-00-00934,,
PICHINCHA,,,,,P-00-00475,https://goo.su/3Zgt3G,https://goo.su/3Zgt3G
ROOSMEL,,,,,P-00-00480,,
SAMUEL,,Spain,,,P-00-00567,"https://goo.su/CoHSzLQ, https://goo.su/UjGZhOf, https://goo.su/jFkB9E6, https://goo.su/vqs2KmE, https://goo.su/ckGUo, https://goo.su/4cb0F, https://goo.su/mzlc, https://goo.su/mzlc, https://goo.su/PsiXP, https://goo.su/mNWbOS","https://goo.su/CoHSzLQ, https://goo.su/UjGZhOf, https://goo.su/jFkB9E6, https://goo.su/vqs2KmE, https://goo.su/ckGUo, https://goo.su/4cb0F, https://goo.su/mzlc, https://goo.su/mzlc, https://goo.su/PsiXP, https://goo.su/mNWbOS"
JOSE CARLOS,,,,,P-00-00568,,
MARIA LAVINIA,,,,,P-00-00582,,
PACIFICO,,,247081720.0,ILPB,P-00-00593,"https://goo.su/lobe6, https://goo.su/xyfB, https://goo.su/ypVA7","https://goo.su/lobe6, https://goo.su/xyfB, https://goo.su/ypVA7"
VIRGEN DE FATIMA,,Ecuador,,,P-00-00883,,
ATLANTIC I,,,,,P-00-00597,,
IVONNE,,,,,P-00-00601,,
SANTA MARIANITA,,,,,P-00-00630,,
DIEGO E,,,,,P-00-00634,,
SAN VICENTE,,,,,P-00-00635,"https://goo.su/I8UK0BE, https://goo.su/B121, https://goo.su/eMKk, https://goo.su/BYriNpi, https://goo.su/OFrUYrd, https://goo.su/929XQ","https://goo.su/I8UK0BE, https://goo.su/B121, https://goo.su/eMKk, https://goo.su/BYriNpi, https://goo.su/OFrUYrd, https://goo.su/929XQ"
LUCIANA,,,,,P-00-00645,"https://goo.su/jFkB9E6, https://goo.su/AJ7M, https://goo.su/fU29xj","https://goo.su/jFkB9E6, https://goo.su/AJ7M, https://goo.su/fU29xj"
SAN PABLO,,United States,,WDC9140,P-00-00651,"https://goo.su/O4AAwV, https://goo.su/XyJR8Qk, https://goo.su/EtSARSY, https://goo.su/2kIVPyc, https://goo.su/2KcfJp, https://goo.su/RwxKZ, https://goo.su/2Xz97, https://goo.su/2KcfJp","https://goo.su/O4AAwV, https://goo.su/XyJR8Qk, https://goo.su/EtSARSY, https://goo.su/2kIVPyc, https://goo.su/2KcfJp, https://goo.su/RwxKZ, https://goo.su/2Xz97, https://goo.su/2KcfJp"
RAYSA,,,,,P-00-00663,,
CAZELA I,,,,,P-00-00681,,
MANTARO I,,Ecuador,,,P-00-00889,,
ANGEL FERNANDO,,,,,P-00-00691,,
CARINA,,,,,P-00-00697,,
RICHARD,,,,,P-00-00713,"https://goo.su/gnsKyf, https://goo.su/wO98, https://goo.su/7tYFs, https://goo.su/Z5Js6MU, https://goo.su/f3FzQs, https://goo.su/e0HZ, https://goo.su/SeU1W, https://goo.su/XnsmFAq, https://goo.su/xCeNzp, https://goo.su/2L1XjRh, https://goo.su/Qmry, https://goo.su/nDa5Me, https://goo.su/CmJU2, https://goo.su/1HZM4B, https://goo.su/PSCv, https://goo.su/XOryox, https://goo.su/FVXz, https://goo.su/FF2YlE, https://goo.su/486qa, https://goo.su/fxdgG, https://goo.su/wCMQVxt, https://goo.su/ajiMsl, https://goo.su/Pz0iih, https://goo.su/FVXz, https://goo.su/FVXz, https://goo.su/XW7cH, https://goo.su/90FqWc, https://goo.su/lMRHKzv, https://goo.su/zW9NcB","https://goo.su/gnsKyf, https://goo.su/wO98, https://goo.su/7tYFs, https://goo.su/Z5Js6MU, https://goo.su/f3FzQs, https://goo.su/e0HZ, https://goo.su/SeU1W, https://goo.su/XnsmFAq, https://goo.su/xCeNzp, https://goo.su/2L1XjRh, https://goo.su/Qmry, https://goo.su/nDa5Me, https://goo.su/CmJU2, https://goo.su/1HZM4B, https://goo.su/PSCv, https://goo.su/XOryox, https://goo.su/FVXz, https://goo.su/FF2YlE, https://goo.su/486qa, https://goo.su/fxdgG, https://goo.su/wCMQVxt, https://goo.su/ajiMsl, https://goo.su/Pz0iih, https://goo.su/FVXz, https://goo.su/FVXz, https://goo.su/XW7cH, https://goo.su/90FqWc, https://goo.su/lMRHKzv, https://goo.su/zW9NcB"
CHONE,,,,,P-00-00719,https://goo.su/RwxKZ,https://goo.su/RwxKZ
GUADALUPE,,,,,P-00-00728,"https://goo.su/Ibh1UGS, https://goo.su/lo8j, https://goo.su/wsEYk, https://goo.su/7CKov, https://goo.su/q2xGsb, https://goo.su/0QQZZW, https://goo.su/U30GCz1, https://goo.su/vRulE, https://goo.su/vDfA, https://goo.su/efQLC, https://goo.su/YxVxD","https://goo.su/Ibh1UGS, https://goo.su/lo8j, https://goo.su/wsEYk, https://goo.su/7CKov, https://goo.su/q2xGsb, https://goo.su/0QQZZW, https://goo.su/U30GCz1, https://goo.su/vRulE, https://goo.su/vDfA, https://goo.su/efQLC, https://goo.su/YxVxD"
JOSE VICENTE,,,,,P-00-00729,,
MIGUEL ANTONIO,,,,,P-00-00753,"https://goo.su/d5PRqI, https://goo.su/d5PRqI","https://goo.su/d5PRqI, https://goo.su/d5PRqI"
DAVID ARMANDO,,,,,P-00-00796,,
TITANIC I,,,,,P-00-00820,,
ISABELA,,,,,P-00-00824,"https://goo.su/KrjhC, https://goo.su/JZUSt, https://goo.su/1Vk1u5, https://goo.su/BHvmAw, https://goo.su/WdzAdi, https://goo.su/1opmZU6, https://goo.su/tZYGOeu, https://goo.su/cXXLz, https://goo.su/rKdV, https://goo.su/cGHDwE6, https://goo.su/jFzh, https://goo.su/TnIWOd, https://goo.su/JZ97vg, https://goo.su/pgf6lTp, https://goo.su/xmGpg","https://goo.su/KrjhC, https://goo.su/JZUSt, https://goo.su/1Vk1u5, https://goo.su/BHvmAw, https://goo.su/WdzAdi, https://goo.su/1opmZU6, https://goo.su/tZYGOeu, https://goo.su/cXXLz, https://goo.su/rKdV, https://goo.su/cGHDwE6, https://goo.su/jFzh, https://goo.su/TnIWOd, https://goo.su/JZ97vg, https://goo.su/pgf6lTp, https://goo.su/xmGpg"
DIJAYMAR III,,,,,P-00-00841,,
ANITA,,,,,P-00-00870,"https://goo.su/XyJR8Qk, https://goo.su/a0ijZY, https://goo.su/ryafJ","https://goo.su/XyJR8Qk, https://goo.su/a0ijZY, https://goo.su/ryafJ"
ANGEL,,Spain,,,P-00-00871,"https://goo.su/TOh4N, https://goo.su/HzABJ6, https://goo.su/QfpA","https://goo.su/TOh4N, https://goo.su/HzABJ6, https://goo.su/QfpA"
DIJAYMAR IV,,,,,P-00-00872,,
PARDELA,,,,,P-00-00873,,
MARIA MONSERRATE III,,,,,P-00-00874,,
VICTORIA MARIA,,,,,P-00-00876,,
PALBER 2,,,,,P-00-00890,,
DON ROBIN,,,,,P-00-00900,,
REGALITO DE DIOS,,,,,P-00-00901,,
"B/P ELENA 

MANUEL ENRIQUE SUAREZ TITUAÑA",,,,,P-00-00907,,
HARRY A,,,,,P-00-00908,,
ADAIA Y DALIA,,,,,P-00-00914,,
MARIA JOSE,8678451.0,,,OA-2348,P-00-00919,,
DON MATIAS,,,,,P-00-00921,,
PROBARPES II,,,,,P-00-00923,,
REGALITO DE DIOS KYS,,Ecuador,,,P-00-00885,,
PROBARPES I,,,,,P-00-00924,,
MARIA DEL CARMEN,,Spain,,,P-00-00925,,
JESUS DEL GRAN PODER,,,,,P-00-00926,,
SAN JORGE I,,,,,P-00-00927,,
REGALITO DE DIOS 3.E.I.G,,,,,P-00-00928,,
JUNIOR,9202455.0,,,OULE,P-00-00932,"https://goo.su/Z5Js6MU, https://goo.su/KrJvb, https://goo.su/h1zMv, https://goo.su/Emx4Ar, https://goo.su/lAPo, https://goo.su/oG3V91, https://goo.su/zrwQzgW, https://goo.su/QSkMWjr, https://goo.su/kAu1Yuu, https://goo.su/KM8Sm4, https://goo.su/ivT1p, https://goo.su/Uq3UMzx, https://goo.su/t1QQ, https://goo.su/uorvXor, https://goo.su/OwHjP, https://goo.su/Di2xul, https://goo.su/FVXz, https://goo.su/jFkB9E6, https://goo.su/xz7fzC, https://goo.su/FVXz, https://goo.su/FVXz, https://goo.su/3fM7Qmj, https://goo.su/zozVq","https://goo.su/Z5Js6MU, https://goo.su/KrJvb, https://goo.su/h1zMv, https://goo.su/Emx4Ar, https://goo.su/lAPo, https://goo.su/oG3V91, https://goo.su/zrwQzgW, https://goo.su/QSkMWjr, https://goo.su/kAu1Yuu, https://goo.su/KM8Sm4, https://goo.su/ivT1p, https://goo.su/Uq3UMzx, https://goo.su/t1QQ, https://goo.su/uorvXor, https://goo.su/OwHjP, https://goo.su/Di2xul, https://goo.su/FVXz, https://goo.su/jFkB9E6, https://goo.su/xz7fzC, https://goo.su/FVXz, https://goo.su/FVXz, https://goo.su/3fM7Qmj, https://goo.su/zozVq"
PERLA NEGRA,,,,CB9609,P-00-00937,https://goo.su/i8uy,https://goo.su/i8uy
MARIA DEL CARMEN G,,,,,P-00-00938,,
MILAGRITO,,,,,P-00-00940,,
DAVID A,,,,,P-00-00941,,
CARLOS ANDRES,,,,,P-00-00946,,
LUKA B,,,,,P-00-00950,,
JORGE LUIS,,,,,P-02-00045,"https://goo.su/rhTa9, https://goo.su/uzYIu, https://goo.su/zE6gPOw","https://goo.su/rhTa9, https://goo.su/uzYIu, https://goo.su/zE6gPOw"
CONCHITA V,,,,,P-02-00047,,
JOEL,,,,,P-02-00065,"https://goo.su/wisk6P7, https://goo.su/gRmOAzz, https://goo.su/hnDwUeT, https://goo.su/pJaJ, https://goo.su/cmaQU, https://goo.su/nDa5Me, https://goo.su/WTFNN, https://goo.su/ZsdL, https://goo.su/bwRUY, https://goo.su/ZsdL, https://goo.su/s8Zx84d, https://goo.su/qFPJ, https://goo.su/xWvM, https://goo.su/g4Dbo4","https://goo.su/wisk6P7, https://goo.su/gRmOAzz, https://goo.su/hnDwUeT, https://goo.su/pJaJ, https://goo.su/cmaQU, https://goo.su/nDa5Me, https://goo.su/WTFNN, https://goo.su/ZsdL, https://goo.su/bwRUY, https://goo.su/ZsdL, https://goo.su/s8Zx84d, https://goo.su/qFPJ, https://goo.su/xWvM, https://goo.su/g4Dbo4"
ATLANTICO,,,,,P-02-00078,"https://goo.su/FACZF, https://goo.su/qUzl, https://goo.su/Ho0FG, https://goo.su/zJU49u, https://goo.su/Erv8, https://goo.su/EoX6U5v, https://goo.su/zFKj, https://goo.su/KUswJ","https://goo.su/FACZF, https://goo.su/qUzl, https://goo.su/Ho0FG, https://goo.su/zJU49u, https://goo.su/Erv8, https://goo.su/EoX6U5v, https://goo.su/zFKj, https://goo.su/KUswJ"
ENNY-B,,,,,P-02-00084,,
PERLA GISELLA,,,,,P-03-11106,,
GISELLA PERLA,,,,,P-03-11336,,
PERLA DEL PACIFICO,,,,,P-03-11426,,
JOCY,,,,,P-03-11883,,
DANNA ISABELLA,,Ecuador,,HC2687,P-04-00054,,
MARIA CANDELARIA,,,,,P-04-00085,,
DON BYRON,,Ecuador,,HC2588,P-04-00108,,
DON EDUARDO,,,,,P-04-00163,,
AIDA LIDUVINA ZAMBRANO ORBE,,,,,P-04-00170,,
JOSE JEAN PIERRE,,,,,P-04-00183,,
MI FABY,,,,,P-04-00295,,
DON ARMANDO I,,Ecuador,,,P-00-00858,,
SAN ANTONIO VI,,Ecuador,,,P-00-00917,,
DOÑA ANTUCA,,Ecuador,,,P-00-00918,,
SIEMPRE MARY,,,,,P-04-00296,,
LADY MAR II,,Ecuador,,,P-04-00310,,
NUEVA ESPERANZA,,Ecuador,,,P-04-00907,"https://goo.su/NS3b, https://acortar.link/BI0tAJ","https://goo.su/NS3b, https://acortar.link/BI0tAJ"
DON FAUSTO III,,Ecuador,,,P-00-00617,,
MI BLANQUITA,,,,PT38081,P-04-00315,,
CIUDAD DE VALENCIA,,,,,P-04-00320,,
SAN MATEO,,,,,P-04-00322,"https://goo.su/E2rhyBk, https://goo.su/UJa4, https://goo.su/WXSyy, https://goo.su/cetZ0, https://goo.su/1Vk1u5, https://goo.su/igBVbD, https://goo.su/uaBM3f, https://goo.su/zkCN","https://goo.su/E2rhyBk, https://goo.su/UJa4, https://goo.su/WXSyy, https://goo.su/cetZ0, https://goo.su/1Vk1u5, https://goo.su/igBVbD, https://goo.su/uaBM3f, https://goo.su/zkCN"
MARIA AMELIA,,,,,P-04-00324,,
DON LITTER,,,,,P-04-00331,,
APOLO,,,,,P-04-00332,"https://goo.su/DOz8bl, https://goo.su/c6SpcbO, https://goo.su/gAUO, https://goo.su/ec7UUcg","https://goo.su/DOz8bl, https://goo.su/c6SpcbO, https://goo.su/gAUO, https://goo.su/ec7UUcg"
DANNA VALENTINA,,,,,P-04-00338,,
JOAO,,Ecuador,,,P-00-00892,https://goo.su/vR4z,https://goo.su/vR4z
BARBARA MARINA,,Ecuador,,,P-04-01012,,
DON EGBER,,Ecuador,,,P-04-01014,,
DON ROSENDO I,,Ecuador,,HC2215,P-04-00348,,
NIÑA TAHIZ,,,,,P-04-00352,,
MARIA MONSERRATE,,Ecuador,,HC2655,P-04-00363,,
SAN MIGUEL,,Spain,,,P-04-00367,"https://goo.su/TUl9G7, https://goo.su/XY7GS1z, https://goo.su/QzZ2bB, https://goo.su/AnvVPXN, https://goo.su/zE6gPOw, https://goo.su/Jf6t5Bi, https://goo.su/WEamnRa","https://goo.su/TUl9G7, https://goo.su/XY7GS1z, https://goo.su/QzZ2bB, https://goo.su/AnvVPXN, https://goo.su/zE6gPOw, https://goo.su/Jf6t5Bi, https://goo.su/WEamnRa"
NAMI I,,,,,P-04-00389,,
NAMI II,,,,,P-04-00390,,
POSEIDON,1036977.0,,,ZS6647,P-04-00397,"https://goo.su/q04z4t, https://goo.su/8grS3H","https://goo.su/q04z4t, https://goo.su/8grS3H"
EL AVENTURERO I,,,,,P-04-00404,,
GUILLERMINA,,Ecuador,,,P-00-00920,,
ALESSIA,,Ecuador,,,P-00-00935,,
LADI MAR I,,Ecuador,,,P-04-00411,,
DON ISAIAS I,,Ecuador,,HC2399,P-04-00417,,
DON LOBA,,,,,P-04-00418,,
DON ABRAHAM II,,,,,P-04-00423,,
STEFANIA I,,,,,P-04-00427,,
JOTA JOTA,,Ecuador,,,P-04-00430,,
ANITA JAZMIN,,,,,P-04-00437,,
JOSCRIS,,,,,P-04-00439,,
VOLGA III,,,,,P-04-00460,,
BALTIRIS,,,,,P-04-00463,,
MARLYN,,,,,P-04-00464,,
DANNA,,,,,P-04-00465,,
NIÑO JEFFREN,,,,,P-04-00467,,
SIEMPRE FRANKLIN,,,,,P-04-00482,,
JESÚS MAR,,,,,P-04-00487,,
LOS TRES HERMANOS,,Ecuador,,,P-04-00492,,
REYMAR,,Ecuador,,HC2799,P-04-00493,,
MARCILLO II,,,,,P-04-00498,,
ARIANA MELINA,,Ecuador,,HC4037,P-04-00513,,
MELINA C,,Ecuador,,,P-00-00933,,
DOÑA BERTHA,,Ecuador,,,P-04-01029,,
JUNIOR I,,,,,P-04-00529,,
RONALD,,,,,P-04-00530,"https://goo.su/bRcL, https://goo.su/jnz0, https://goo.su/9x967Q, https://goo.su/NIHWU, https://goo.su/mNWbOS","https://goo.su/bRcL, https://goo.su/jnz0, https://goo.su/9x967Q, https://goo.su/NIHWU, https://goo.su/mNWbOS"
MARIUXI,,,,,P-04-00540,,
ODALIS,,,,,P-04-00550,,
VALENTINA I,,Spain,,,P-04-00553,,
SALVADOR III,,,,,P-04-00556,,
PILIMAN,,Ecuador,,,P-04-00561,,
LA NEGRA FCA. DUARTE II,,,,,P-04-00562,,
DON FRANCISCO I,,,,,P-04-00564,,
J. JPEPITO,,,,,P-04-00566,,
EL SAGA,,,,,P-04-00567,,
BANDERON I,,,,,P-04-00570,,
DON FERNANDO,,,,,P-04-00574,,
FAUSTO IV,,Ecuador,,,P-00-00739,,
VIOLETA ANAHI,,Ecuador,,,P-00-00826,,
MILAGROS,,,,,P-04-00577,"https://goo.su/q2xGsb, https://goo.su/KTnbpoQ, https://goo.su/wCMQVxt, https://goo.su/FgAP9, https://goo.su/Y4j6t, https://goo.su/efQLC, https://goo.su/gYqW1l, https://goo.su/KTnbpoQ, https://goo.su/XW7cH, https://goo.su/WyxSA1","https://goo.su/q2xGsb, https://goo.su/KTnbpoQ, https://goo.su/wCMQVxt, https://goo.su/FgAP9, https://goo.su/Y4j6t, https://goo.su/efQLC, https://goo.su/gYqW1l, https://goo.su/KTnbpoQ, https://goo.su/XW7cH, https://goo.su/WyxSA1"
LA AHIJADA,,Ecuador,,,P-04-00578,,
ARCA DE NOE III,,Ecuador,,HC4100,P-04-00583,,
MERY MONSERRAT,,,,,P-04-00585,,
"LA NEGRA FRANCISCA DUARTE
",,Ecuador,,HC4152,P-04-00595,,
KAYAPA,,,,,P-04-00609,,
SOFIA R.,,,,,P-04-00616,,
JUAN CARLOS,,,,,P-04-00624,"https://goo.su/XVQ9, https://goo.su/KxIjp, https://goo.su/hlYL6KQ, https://goo.su/KkxI, https://goo.su/G8FKcnv, https://goo.su/wgAG5, https://goo.su/RiQhB, https://goo.su/uzDhJcB, https://goo.su/zHZk, https://goo.su/4t3Qq0E, https://goo.su/vr4ZmDz, https://goo.su/cVWQ, https://goo.su/SX7U9M, https://goo.su/pbU8NA","https://goo.su/XVQ9, https://goo.su/KxIjp, https://goo.su/hlYL6KQ, https://goo.su/KkxI, https://goo.su/G8FKcnv, https://goo.su/wgAG5, https://goo.su/RiQhB, https://goo.su/uzDhJcB, https://goo.su/zHZk, https://goo.su/4t3Qq0E, https://goo.su/vr4ZmDz, https://goo.su/cVWQ, https://goo.su/SX7U9M, https://goo.su/pbU8NA"
SOFIA,,,,SW3854,P-04-00626,"https://goo.su/CUPCXMv, https://goo.su/LeGkrZ, https://goo.su/tZYGOeu, https://goo.su/EOAzW, https://goo.su/KAAPM2","https://goo.su/CUPCXMv, https://goo.su/LeGkrZ, https://goo.su/tZYGOeu, https://goo.su/EOAzW, https://goo.su/KAAPM2"
SIEMPE COYAGO,,,,,P-04-00634,,
GIUSSEPPI,,,,,P-04-00638,,
GENMARY,,Ecuador,,HC4329,P-04-00640,,
P REY SALOMON,,,,,P-04-00641,,
BELIE BELCAN,,,,,P-04-00644,,
FABIAN,,,,,P-04-00645,"https://goo.su/q9ifBR, https://goo.su/okOG, https://goo.su/YK6Dl, https://goo.su/DUse, https://goo.su/kPvzoBp, https://goo.su/qlUQ, https://goo.su/kPvzoBp","https://goo.su/q9ifBR, https://goo.su/okOG, https://goo.su/YK6Dl, https://goo.su/DUse, https://goo.su/kPvzoBp, https://goo.su/qlUQ, https://goo.su/kPvzoBp"
DOÑA BLANCA I,,Ecuador,,HC4374,P-04-00648,,
JUNIOR C,,,,,P-04-00656,,
VOLGA,,,,,P-04-00660,,
JOSE EDUARDO,,,,,P-04-00663,,
MARIA TATIANA I,,Ecuador,,HC4366,P-04-00666,,
JOSELITO,8212415.0,Ecuador,,HC5759,P-04-00668,,
SAN LUIS III,,Ecuador,,HC5621,P-04-00671,,
FER MARY II,,Ecuador,,,P-04-00673,,
MARYALEX,,Ecuador,,HC4369,P-04-00674,,
ANTONELLA,,,247149320.0,IXPV,P-04-00675,"https://goo.su/tZYGOeu, https://goo.su/AJ7M","https://goo.su/tZYGOeu, https://goo.su/AJ7M"
PAOLA,,,247127450.0,IIQW2,P-04-00677,"https://goo.su/jML7Od, https://goo.su/UjoUzB4, https://goo.su/GE1oYJX, https://goo.su/GNUPPAb, https://goo.su/AER8l4U, https://goo.su/nC7wqMG","https://goo.su/jML7Od, https://goo.su/UjoUzB4, https://goo.su/GE1oYJX, https://goo.su/GNUPPAb, https://goo.su/AER8l4U, https://goo.su/nC7wqMG"
ARCA DE NOE IV,,Ecuador,,HC4361,P-04-00679,,
DOÑA CECI,,Ecuador,,HC4430,P-04-00682,,
DOÑA CARMEN,,,,CB6495,P-04-00685,,
DON PEPE,,,,CB4596,P-04-00687,,
DON NICO III,,,,,P-04-00688,,
IMELDAMAR,,,,,P-04-00690,,
DON ROSENDO II,,,,,P-04-00691,,
MARIA TATIANA II,,Ecuador,,,P-04-00696,,
D MERO,,,,,P-04-00704,,
SIRIUS,,,,UHVP,P-04-00706,"https://goo.su/LeGkrZ, https://goo.su/ptUWEE","https://goo.su/LeGkrZ, https://goo.su/ptUWEE"
BENDICION DE DIOS,,,,CE62671,P-04-00709,,
ARIANITA,,,,,P-04-00710,,
DON MARIANO,,,,,P-04-00713,,
DON CARLOS,,,,CB9160,P-04-00716,https://goo.su/U2m9S2,https://goo.su/U2m9S2
NEREO,,,,,P-04-00719,,
O.M.2,,,,,P-04-00727,,
CHP,,,,,P-04-00728,,
VIOLETITA I,,Ecuador,,,P-00-00642,,
DON ARMANDO II,,Ecuador,,,P-06-08119,,
NAVEGANTE,,,,,P-04-00731,"https://goo.su/QFzRz, https://goo.su/55UUU0, https://goo.su/msoT, https://goo.su/sCch, https://goo.su/aVjku","https://goo.su/QFzRz, https://goo.su/55UUU0, https://goo.su/msoT, https://goo.su/sCch, https://goo.su/aVjku"
PORTUGAL,,,,,P-04-00733,"https://goo.su/DcZp, https://goo.su/VD2e0, https://goo.su/jo0bL, https://goo.su/ZA5TgUy, https://goo.su/1Bkxvm3, https://goo.su/SHPy5, https://goo.su/6Fhr1zp, https://goo.su/3pdKz, https://goo.su/Xyr5za1, https://goo.su/Hb8T, https://goo.su/tKeZY0S, https://goo.su/xyfB, https://goo.su/4HyxIW2, https://goo.su/PWdRGnz","https://goo.su/DcZp, https://goo.su/VD2e0, https://goo.su/jo0bL, https://goo.su/ZA5TgUy, https://goo.su/1Bkxvm3, https://goo.su/SHPy5, https://goo.su/6Fhr1zp, https://goo.su/3pdKz, https://goo.su/Xyr5za1, https://goo.su/Hb8T, https://goo.su/tKeZY0S, https://goo.su/xyfB, https://goo.su/4HyxIW2, https://goo.su/PWdRGnz"
X SIEMPRE DON CARLOS,,,,,P-04-00736,,
VOLGA II EX SIEMPRE ANG. VII,,,,,P-04-00745,,
MARIA TATIANA IV,,Ecuador,,HC4886,P-04-00766,,
JOSTIN,,,,,P-04-00767,,
MARTHA FLOREANA,,,,,P-04-00770,,
MARIA MONSERRATE II,,Ecuador,,,P-04-00761,,
ARCA DE NOE V,,Ecuador,,HC4733,P-04-00777,,
DOÑA LILA,,Ecuador,,HC4740,P-04-00781,,
ISABELLA,8111465.0,,,WDE5192,P-04-00784,"https://goo.su/0UmuB, https://goo.su/AJ7M","https://goo.su/0UmuB, https://goo.su/AJ7M"
MATIA,,,,,P-00-00902,,
DON ELOY,,Ecuador,,HC4758,P-04-00786,,
SANTA AMERICA,,,,,P-04-00793,,
ESMERALDA I,,,,,P-00-00603,,
M. CRISTINA,,,,,P-00-00746,,
EVA MARIA,,Ecuador,,,P-04-00813,,
SIEMPRE VIRGEN DEL MAR,,,,,P-04-00823,,
EL ACUARIO DE DIOS II,,Ecuador,,,P-04-00835,,
JHONKA,,Ecuador,,,P-04-00841,,
DANIELA ALEJANDRA,,Ecuador,,,P-00-00896,,
RAMON EDUARDO II,,Ecuador,,HC5105,P-04-00844,,
SOLAVIL,,Ecuador,,HC5095,P-04-00845,,
MARIA TATIANA III,,Ecuador,,HC4399,P-04-00849,,
DANIEL SANTOS,,,,,P-04-00859,,
SONIA MAR,,Ecuador,,HC5149,P-04-00861,,
CONQUISTA 2,,Ecuador,,HC4943,P-04-00872,,
DON LITTER II,,,,,P-04-00873,,
DON RUFO,,,,,P-04-00875,,
REY DEL MAR,,Ecuador,,HC5218,P-04-00885,,
DON CRISTIAN,,,,,P-04-00888,,
ISAIAS 43,,,,,P-04-00891,,
NIÑO ARSHER II,,,,,P-04-00899,,
PILIMAR,,Ecuador,,HC5279,P-04-00900,,
CHRISTEL IA,,,,,P-04-00936,,
DON JAIME,,,,CA2276,P-04-00902,,
JOSMARY,,Ecuador,,HC5297,P-04-00906,,
FABIAN III,,Ecuador,,HC5341,P-04-00910,,
MIRIAN MIRELLA,,,,,P-04-00913,,
MARVIN,,,247103510.0,IREL,P-04-00914,https://goo.su/GJqG,https://goo.su/GJqG
FREDDY CEFERINO,,Ecuador,,HC5358,P-04-00915,,
TIOSLIMAR,,,,,P-04-00916,,
DON MANUEL I,,Ecuador,,HC5368,P-04-00919,,
NIÑA AMELIA,,,,,P-04-00923,,
DON Z,,,,,P-04-00925,,
SOLO ES MEJOR,,Ecuador,,HC6172,P-04-00926,,
MISAEL,,Ecuador,,HC5437,P-04-00929,,
DON DIAN #1,,,,,P-04-00937,,
GUSY FER II,,Ecuador,,HC5472,P-04-00938,,
IV HERMANOS,,,,,P-04-00954,,
FIORELLA,,,,,P-04-00956,"https://goo.su/eEAz, https://goo.su/FfoCw, https://goo.su/tzIHk5n","https://goo.su/eEAz, https://goo.su/FfoCw, https://goo.su/tzIHk5n"
SION GENESIS,,,,,P-04-00968,,
ONDA MAR,,,,,P-04-00971,,
LOS TRES PEDROS,,Ecuador,,HC5647,P-04-00972,,
VIRGEN DEL VALLE II,,,,,P-04-00973,,
GENESIS,1017464.0,United States,,WDH62,P-04-00981,"https://goo.su/IGDZ, https://goo.su/kblaE, https://goo.su/f3FzQs, https://goo.su/uC7bGN, https://goo.su/Wdgtcz, https://goo.su/m8aFAIt, https://goo.su/Cfd8j, https://goo.su/QqsKK1, https://goo.su/UxxYNJ, https://goo.su/CqyUYL, https://goo.su/SrBV1mw, https://goo.su/XMqg, https://goo.su/XGfZBp, https://goo.su/XGfZBp, https://goo.su/gzpu3G, https://goo.su/Dn9Svci, https://goo.su/zXlDwO, https://goo.su/mJILW, https://goo.su/zcJUstj, https://goo.su/Kigszz, https://goo.su/jH8hk7, https://goo.su/BFUdYNy, https://goo.su/XC8GMtq, https://goo.su/yptqQd, https://goo.su/fxdgG, https://goo.su/EvzhM, https://goo.su/c8SRF, https://goo.su/ztfqT, https://goo.su/D5yUn, https://goo.su/8grS3H, https://goo.su/irGS, https://goo.su/DPNtNM, https://goo.su/lvEuU, https://goo.su/s4h5zN, https://goo.su/oiCV7, https://goo.su/UqzyJ, https://goo.su/s5U7Qxr, https://goo.su/HTSP5x, https://goo.su/lMRHKzv, https://goo.su/E5TE0Ij, https://goo.su/igjRtk, https://goo.su/XodUH, https://goo.su/zvx8a","https://goo.su/IGDZ, https://goo.su/kblaE, https://goo.su/f3FzQs, https://goo.su/uC7bGN, https://goo.su/Wdgtcz, https://goo.su/m8aFAIt, https://goo.su/Cfd8j, https://goo.su/QqsKK1, https://goo.su/UxxYNJ, https://goo.su/CqyUYL, https://goo.su/SrBV1mw, https://goo.su/XMqg, https://goo.su/XGfZBp, https://goo.su/XGfZBp, https://goo.su/gzpu3G, https://goo.su/Dn9Svci, https://goo.su/zXlDwO, https://goo.su/mJILW, https://goo.su/zcJUstj, https://goo.su/Kigszz, https://goo.su/jH8hk7, https://goo.su/BFUdYNy, https://goo.su/XC8GMtq, https://goo.su/yptqQd, https://goo.su/fxdgG, https://goo.su/EvzhM, https://goo.su/c8SRF, https://goo.su/ztfqT, https://goo.su/D5yUn, https://goo.su/8grS3H, https://goo.su/irGS, https://goo.su/DPNtNM, https://goo.su/lvEuU, https://goo.su/s4h5zN, https://goo.su/oiCV7, https://goo.su/UqzyJ, https://goo.su/s5U7Qxr, https://goo.su/HTSP5x, https://goo.su/lMRHKzv, https://goo.su/E5TE0Ij, https://goo.su/igjRtk, https://goo.su/XodUH, https://goo.su/zvx8a"
DEMARCO I,,Ecuador,,,P-00-00714,,
DANI IV,,,,,P-04-00994,,
MI ANTONELLA,,,,,P-04-01002,,
SIEMPRE RAI MUNDI,,Ecuador,,HC5833,P-04-01003,,
GUSY FER,,Ecuador,,HC6053,P-04-01008,,
SIEMPRE LUQUITAS CV,,,,,P-04-01009,,
ANTONELA,,,,,P-04-01015,,
DIVINO NIÑO,,,,,P-04-01016,,
BRISAS DEL MAR I,,,,,P-04-01018,,
GIUCRIS,,,,,P-04-01021,,
REGALO DE DIOS,,,,,P-04-01024,,
REY ADONAY I,,,,,P-04-01026,,
DON MACA,,,,,P-04-01030,,
KARELITA,,,,,P-04-01033,,
VIRGEN DEL VALLE,,,,,P-04-01037,,
AMPARITO,,,,,P-04-01038,,
AMBAR,,Ecuador,,HC6330,P-04-01039,https://goo.su/JXrNH,https://goo.su/JXrNH
SIEMPRE POPEYE,,Ecuador,,HC6258,P-04-01042,,
MILAN NEYMAR,,,,,P-04-01043,,
D.J.X,,,,,P-04-01044,,
LAURITA,,,,,P-04-01045,,
CASPIAN,9939773.0,,257735000.0,LGWF,P-04-01048,,
COSTA MARLIN,,Ecuador,,HC4338,P-04-01049,,
J.O.R.C.,,,,,P-04-01050,,
REY FERNANDO XAVIER,,Ecuador,,HC6282,P-04-01052,,
IKER,,Ecuador,,HC6271,P-04-01053,,
LUNA AZUL,,Ecuador,,HC4823,P-04-01060,,
OCEANIC,,Ecuador,,HC6362,P-04-01064,,
BRIGIDA MARQUEZ II,,,,,P-04-01065,,
"ELIZALDE RIVAS ANTONIO MAURICIO
B/P SIMON BOLIVAR",,,,,P-04-01066,,
DON DARLIN,,,,,P-04-01067,,
EL SHADDAI,8025082.0,,,ZR6358,P-04-01068,,
J.O.R.C.II,,,,,P-04-01071,,
ARIZONA,,,247143420.0,ITVX,P-04-01072,"https://goo.su/JHTjpW1, https://goo.su/UIs67mD, https://goo.su/JY8YOZQ, https://goo.su/ckGUo","https://goo.su/JHTjpW1, https://goo.su/UIs67mD, https://goo.su/JY8YOZQ, https://goo.su/ckGUo"
O.M.,,,,,P-04-01075,,
IDA MARIA,,,,,P-04-01079,,
SAN LUIS I,,,,,P-04-01080,,
CONNOR R,,,,,P-04-01086,,
DON JACINTO,,,,,P-04-01089,"https://goo.su/Fqq85, https://goo.su/fzGY","https://goo.su/Fqq85, https://goo.su/fzGY"
BRIANA BETANIA,,,,,P-04-01090,,
RAYSA II,,,,,P-04-01093,,
PEDRO MANUEL,,,,,P-04-01103,,
CON LA BENDICION DE DIOS I,,Ecuador,,HC6691,P-04-01105,,
DIOS ES MI GUIA,,,,,P-04-01106,,
DANNA ISABELLA II,,Ecuador,,HC6695,P-04-01107,,
LILOTT,,,,,P-04-01109,,
YOHANA,,,,,P-04-08333,https://goo.su/ImFzY,https://goo.su/ImFzY
VOLUNTAD DE DIOS,,,,,P-06-00316,,
MARCILLO IV,,,,,P-06-00697,,
MARIA MONSERRATE I,,,,,P-06-00700,,
DON TEMO,,,,,P-06-05481,,
MARCILLO III,,,,,P-06-05748,,
DANIEL SANTOS 1,,,,,P-06-06513,,
DOÑA PATTY,,,,,P-06-06738,,
DOÑA MATY,,,,,P-06-06929,,
JOSEMED I,,,,,P-06-06963,,
DON FAUTINO,,,,,P-06-07010,,
YENYA,,Ecuador,,HC4463,P-06-07012,,
NARCISO MARCILLO I,,,,,P-06-07301,,
VB III,,,,,P-06-07491,,
SAN CARLOS,,,,,P-06-08456,"https://goo.su/pxrc, https://goo.su/qJqDXn, https://goo.su/KtCnwdA, https://goo.su/v0L3, https://goo.su/xLPUFZ, https://goo.su/4WdOJAm, https://goo.su/qw1pDmw, https://goo.su/nvODdkE, https://goo.su/1fTsS, https://goo.su/g8alBM, https://goo.su/nCH2q4, https://goo.su/YHmjob, https://goo.su/8ih5Z, https://goo.su/O3rDXOa, https://goo.su/DFyoza, https://goo.su/g8alBM, https://goo.su/1fTsS, https://goo.su/KAAPM2, https://goo.su/qNkVh, https://goo.su/s8Zx84d, https://goo.su/Kgnp4Fz","https://goo.su/pxrc, https://goo.su/qJqDXn, https://goo.su/KtCnwdA, https://goo.su/v0L3, https://goo.su/xLPUFZ, https://goo.su/4WdOJAm, https://goo.su/qw1pDmw, https://goo.su/nvODdkE, https://goo.su/1fTsS, https://goo.su/g8alBM, https://goo.su/nCH2q4, https://goo.su/YHmjob, https://goo.su/8ih5Z, https://goo.su/O3rDXOa, https://goo.su/DFyoza, https://goo.su/g8alBM, https://goo.su/1fTsS, https://goo.su/KAAPM2, https://goo.su/qNkVh, https://goo.su/s8Zx84d, https://goo.su/Kgnp4Fz"
DIOS ES PURO,,,,,P-06-08647,,
ALBERTO 1,,,,,P-06-08699,,
BISMARK G,,,,,P-06-08707,,
DANIELA,7107716.0,,,WDJ4303,P-06-08762,"https://goo.su/lAPo, https://goo.su/XVQ9, https://goo.su/zrwQzgW, https://goo.su/c0qaU, https://goo.su/QSkMWjr, https://goo.su/xi85QL, https://goo.su/zJlH4L, https://goo.su/1RCHg, https://goo.su/qp09AF, https://goo.su/6vl7z, https://goo.su/VrVSz, https://goo.su/SrLxd, https://goo.su/QuhNB7A, https://goo.su/medKp, https://goo.su/ikMvi3w, https://goo.su/pbU8NA","https://goo.su/lAPo, https://goo.su/XVQ9, https://goo.su/zrwQzgW, https://goo.su/c0qaU, https://goo.su/QSkMWjr, https://goo.su/xi85QL, https://goo.su/zJlH4L, https://goo.su/1RCHg, https://goo.su/qp09AF, https://goo.su/6vl7z, https://goo.su/VrVSz, https://goo.su/SrLxd, https://goo.su/QuhNB7A, https://goo.su/medKp, https://goo.su/ikMvi3w, https://goo.su/pbU8NA"
ISABELA,,,,,P-06-08764,"https://goo.su/KrjhC, https://goo.su/JZUSt, https://goo.su/1Vk1u5, https://goo.su/BHvmAw, https://goo.su/WdzAdi, https://goo.su/1opmZU6, https://goo.su/tZYGOeu, https://goo.su/cXXLz, https://goo.su/rKdV, https://goo.su/cGHDwE6, https://goo.su/jFzh, https://goo.su/TnIWOd, https://goo.su/JZ97vg, https://goo.su/pgf6lTp, https://goo.su/xmGpg","https://goo.su/KrjhC, https://goo.su/JZUSt, https://goo.su/1Vk1u5, https://goo.su/BHvmAw, https://goo.su/WdzAdi, https://goo.su/1opmZU6, https://goo.su/tZYGOeu, https://goo.su/cXXLz, https://goo.su/rKdV, https://goo.su/cGHDwE6, https://goo.su/jFzh, https://goo.su/TnIWOd, https://goo.su/JZ97vg, https://goo.su/pgf6lTp, https://goo.su/xmGpg"
FRANCIA I,,,,,P-06-08870,,
DON MARCILLO,,,,,P-06-08926,,
GABRIELA,,,,,P-06-08934,"https://goo.su/qzBLVk, https://goo.su/d5PRqI, https://goo.su/pGLZNz","https://goo.su/qzBLVk, https://goo.su/d5PRqI, https://goo.su/pGLZNz"
LAS II AURORITA,,,,,P-12-00001,,
CARLOS ROBINSON,,,,,P-12-00003,,
FLOPESMANT II,,,,,P-04-00593,,
ANA ISIDORA,,,,,P-00-00297,,
LUCIANITA II,,,,,P--00-00739,,
DON FANIS,,Ecuador,,,P-0000915,,
MEIVIS VALERIA,,,,,P0000408,,
BUENOS AIRES,,,,,P-04-00672,"https://goo.su/fJhwLbe, https://goo.su/iwXEjWU, https://goo.su/brdc, https://goo.su/kzieY, https://goo.su/MzLOsoI, https://goo.su/Ea0UgM7, https://goo.su/ENQXWh1, https://goo.su/Ho0FG, https://goo.su/e4Kl, https://goo.su/JAbBK, https://goo.su/XaqsoV, https://goo.su/XGUtR, https://goo.su/ARVy, https://goo.su/rKdV, https://goo.su/zaSlYQ, https://goo.su/N5za5pM, https://goo.su/fqpR4sR, https://goo.su/QmdEP, https://goo.su/qulzQ, https://goo.su/M0py, https://goo.su/6tPfw9i, https://goo.su/fU29xj, https://goo.su/Oqe4, https://goo.su/KAAPM2, https://goo.su/9SM4cC, https://goo.su/CPD8B1r","https://goo.su/fJhwLbe, https://goo.su/iwXEjWU, https://goo.su/brdc, https://goo.su/kzieY, https://goo.su/MzLOsoI, https://goo.su/Ea0UgM7, https://goo.su/ENQXWh1, https://goo.su/Ho0FG, https://goo.su/e4Kl, https://goo.su/JAbBK, https://goo.su/XaqsoV, https://goo.su/XGUtR, https://goo.su/ARVy, https://goo.su/rKdV, https://goo.su/zaSlYQ, https://goo.su/N5za5pM, https://goo.su/fqpR4sR, https://goo.su/QmdEP, https://goo.su/qulzQ, https://goo.su/M0py, https://goo.su/6tPfw9i, https://goo.su/fU29xj, https://goo.su/Oqe4, https://goo.su/KAAPM2, https://goo.su/9SM4cC, https://goo.su/CPD8B1r"
SIEMPRE MONSERRATE,,Ecuador,,HC5357,P-04-00912,,
MI MORENITA I,,,,,P-04-01087,,
EVVERFISH,,,,,P-04-01028,,
DON FAUSTO I,,,,,P-00-00638,,
DON NICO II,,Ecuador,,HC4285,P -04-00632,,
ARENILLA,,,,,P-04-00431,,
NIÑO ASHER,,,,,P--04-00823,,
DON NICO IV,,Ecuador,,HC5154,P-02-00863,,
EL AGUILA,,,,,P-04-00450,,
DULINAVI XXIV,,,,,P-04-01094,,
POSEIDÓN I,,,,,P-04-01000,,
DON CARLOS II,,,,,P-04-00921,,
NUEVA CADIZ,,Ecuador,,,P-00-00945,,
CAMPITO III,,,,,P-00-00948,,
ISRAEL,,,,,P-04-00539,"https://goo.su/DcZp, https://goo.su/ijIp5Q, https://goo.su/arE54t, https://goo.su/1D6iaoc, https://goo.su/fyzmFMW, https://goo.su/thbeVWj, https://goo.su/gRmOAzz, https://goo.su/aKQTCM6, https://goo.su/MzLOsoI, https://goo.su/za2PO, https://goo.su/ZA5TgUy, https://goo.su/bRcL, https://goo.su/tJMlV, https://goo.su/eu1E, https://goo.su/WdzAdi, https://goo.su/StWyw, https://goo.su/DR6U, https://goo.su/PhktE, https://goo.su/Wv6wP, https://goo.su/GJqG, https://goo.su/NShx, https://goo.su/DLG5, https://goo.su/GNUPPAb, https://goo.su/ESNjc, https://goo.su/AER8l4U, https://goo.su/w2iApSv, https://goo.su/HbBU, https://goo.su/7HLGIgd, https://goo.su/TI1LyzH, https://goo.su/yWD7f2C, https://goo.su/KUswJ, https://goo.su/JEe84r, https://goo.su/iOkUexI","https://goo.su/DcZp, https://goo.su/ijIp5Q, https://goo.su/arE54t, https://goo.su/1D6iaoc, https://goo.su/fyzmFMW, https://goo.su/thbeVWj, https://goo.su/gRmOAzz, https://goo.su/aKQTCM6, https://goo.su/MzLOsoI, https://goo.su/za2PO, https://goo.su/ZA5TgUy, https://goo.su/bRcL, https://goo.su/tJMlV, https://goo.su/eu1E, https://goo.su/WdzAdi, https://goo.su/StWyw, https://goo.su/DR6U, https://goo.su/PhktE, https://goo.su/Wv6wP, https://goo.su/GJqG, https://goo.su/NShx, https://goo.su/DLG5, https://goo.su/GNUPPAb, https://goo.su/ESNjc, https://goo.su/AER8l4U, https://goo.su/w2iApSv, https://goo.su/HbBU, https://goo.su/7HLGIgd, https://goo.su/TI1LyzH, https://goo.su/yWD7f2C, https://goo.su/KUswJ, https://goo.su/JEe84r, https://goo.su/iOkUexI"
SARA SOFIA,,,,,P-04-00889,,
OLIVER,,,,,P-12-00007,"https://goo.su/lQ76Dmn, https://goo.su/cU9KNR","https://goo.su/lQ76Dmn, https://goo.su/cU9KNR"
DOÑA PATTY II,,,,,P-00-0084,,
